temperature,alpha,d_alpha
800,0.0011543266363383583,1.6207065370841867e-5
825,0.003369858455069321,1.747148687553364e-5
850,0.005679985415450424,1.1536937750592627e-4
875,0.008770479510338311,1.5180948320183492e-4
900,0.017488010828795617,2.770079300146944e-4
925,0.0307985907651837,6.490324810383783e-4
950,0.04403095693663236,5.837668024731998e-4
975,0.0914466202811217,0.0012254736918880175
